Industrywise Parameter Data (2024–2025),Column 1,Column 2,Column 3,Column 4,Column 5,Column 6,Column 7,Column 8,Column 9,Column 10
Parameter,Manufacturing (Fahiza),"Professional, Legal, Business & Consumer Services (Nipun)",Healthcare (Divya),Financial Services (Divya),Energy & Utilities (Fahiza),Retail & E-commerce (Jescetta),Government & Public Sector (Sonali),Technology (Sonali),Education (Jescetta),Hospitality
Cost per Unit/Procedure,$4.50–$10.00 per unit1,$120–$350/hr (consulting avg) 2,"$32,066 (annual cost for family of four, U.S.)3",$0.12–$0.15 per transaction (avg payment processing)4,$0.13/kWh (avg U.S. electricity price)5,$25–$100 per transaction (estimate)6,"$2,500–$5,000 per capita (annual spending, US avg)7",$0.10–$0.25 per cloud compute hour (estimate),"$13,494 per student (OECD avg annual spend)9",$120–$250 per room night (global avg ADR)10
Operating Expenses,85–92% of revenue (typical)1,60–75% of revenue (estimate)2,17.8% of U.S. GDP spent on health; up 7.7% YoY3,60–70% of revenue (non-interest expense ratio)4,"60–70% of revenue (O&M, grid, fuel)5",8–15% of sales (estimate)6,Personnel/admin: 30–40% of budget7,"60–75% of revenue (R&D, SG&A heavy)8","70–80% of budget (staff, facilities)9","70–80% of revenue (staff, operations)10"
Inventory Turnover,6–8 (consumer goods)1,Not typical,2.5–3.5 (hospital supplies)3,Not typical,Not typical,8–10 (retail stores)6,85–95% budget utilization7,Not typical,Not typical,Not typical
Sales Volume / Revenue,$34.8T (global output)1,$72.6B (global professional services)2,$4.5T (U.S. health spending)3,$6.6T (global banking revenue)4,$4.9T (U.S. utilities market cap)5,$6.2T (U.S. retail sales)6,$6.7T (U.S. government spending)7,$5.3T (global IT spending)8,$5.8T (global education market)9,$4.9T (global hospitality market)10
Revenue Growth Rate,1.01% CAGR (2024–2029)1,5.6% CAGR (2024)2,8.3% YoY (personal health care)3,"6.1% YoY (2024, global)4",2.7% YoY (U.S. avg)5,6.7% YoY (2024 retail)6,2–4% annual budget growth7,"8.8% YoY (cloud, 2024)8",4.5% YoY (global avg)9,5.8% CAGR (travel/tourism sector)10
Customer/Patient Satisfaction,85–95% (first pass yield)1,75–85% (client satisfaction)2,70–80% (patient satisfaction)3,72–80% (customer satisfaction)4,"70–80% (customer satisfaction, utilities)5",75–85% (customer satisfaction)6,60–75% (resident satisfaction)7,80–90% (end-user satisfaction)8,75–85% (student/parent satisfaction)9,80–85% (guest satisfaction)10
Employee Productivity,OEE: 60–85% typical1,"$180,000–$250,000 revenue/employee (estimate)2","48,600 jobs added June 2024; wage growth 3.5% YoY3","$350,000–$500,000 revenue/employee4","$300,000–$400,000 revenue/employee (estimate)5","$120,000–$250,000 sales/employee (estimate)6",150M employees globally; 30–40% efficiency gain w/ tech7,"$350,000–$500,000 revenue/employee8",15:1 student-teacher ratio (OECD avg)9,0.8–1.2 rooms cleaned/hour/employee (hotel avg)10
Defect/Error Rate,5–15% (defect rate)1,2–5% (project error rate)2,5–10% (medical error rates)3,0.01–0.05% (transaction error rate)4,0.1–0.5% (outage/error rate)5,8–10% (product returns)6,"5–20 audit findings/1,000 employees/year7",0.1–0.5% (system downtime)8,2–5% (dropout/failure rate)9,2–4% (reservation error/cancellation rate)10
Compliance/Quality,"OEE, FPY, QMM, audits1",80–90% (project compliance)2,46% hospitals fully compliant (price transparency)3,90–95% (regulatory compliance)4,95–99% (grid reliability)5,Shrinkage: 1–2% of sales6,70–85% compliance with standards7,95–99% (data privacy/compliance)8,90–95% (accreditation compliance)9,90–95% (brand standard compliance)10
Operating Margin,5–10% (industry avg)1,15–25% (consulting/legal)2,2–5% (U.S. health systems)3,30–40% (banking avg)4,10–15% (utilities avg)5,3–8% (retail avg)6,1.1–1.4 solvency ratio (current assets/liabilities)7,20–30% (software avg)8,5–10% (private education avg)9,12–18% (hotel avg)10
Gross Margin,15–25% (varies by product)1,30–50% (consulting/legal)2,10–15% (providers)3,70–80% (banking avg)4,40–50% (utilities avg)5,20–50% (retail avg)6,"$12,000–$15,000 revenue/capita (US avg)7",60–80% (software avg)8,30–40% (private education avg)9,35–45% (hotel avg)10
R&D Spending,2–5% of revenue1,1–3% of revenue (estimate)2,4–6% of revenue (large health systems/pharma)3,7–10% of revenue (fintech avg)4,1–3% of revenue (innovation/IT)5,1–2% of revenue (large retailers)6,0.5–2% of budget (innovation/IT)7,10–20% of revenue (tech avg)8,3–5% of budget (edtech avg)9,1–2% of revenue (hotel innovation)10
New Product/Service Launches,"100s–1000s/year (global, consumer goods/auto/electronics)1",20–50/year (large firms)2,10–20 major launches/year (pharma/medtech)3,50–100/year (fintech avg)4,10–30/year (utility programs/offerings)5,Dozens–100s/year (large retailers)6,5–20 major initiatives/year (large agencies)7,"100s–1000s/year (apps, platforms)8","10–20/year (edtech, curriculum)9","10–50/year (new hotels, brands)"